<?xml version="1.0" encoding="utf-8"?><soap:Envelope xmlns:soap="http://schemas.xmlsoap.org/soap/envelope/" xmlns:xsi="http://www.w3.org/2001/XMLSchema-instance" xmlns:xsd="http://www.w3.org/2001/XMLSchema"><soap:Body><LookupResponse xmlns="http://taxcloud.net"><LookupResult><ResponseType>Error</ResponseType><Messages><ResponseMessage><ResponseType>Error</ResponseType><Message>Invalid apiLoginID and/or apiKey</Message></ResponseMessage></Messages><CartItemsResponse /></LookupResult></LookupResponse></soap:Body></soap:Envelope>
