<?xml version="1.0" encoding="utf-8"?><wsdl:definitions name="ServiceManager" targetNamespace="http://tempuri.org/" xmlns:wsdl="http://schemas.xmlsoap.org/wsdl/" xmlns:wsx="http://schemas.xmlsoap.org/ws/2004/09/mex" xmlns:wsa10="http://www.w3.org/2005/08/addressing" xmlns:tns="http://tempuri.org/" xmlns:soap12="http://schemas.xmlsoap.org/wsdl/soap12/" xmlns:wsu="http://docs.oasis-open.org/wss/2004/01/oasis-200401-wss-wssecurity-utility-1.0.xsd" xmlns:wsp="http://schemas.xmlsoap.org/ws/2004/09/policy" xmlns:wsap="http://schemas.xmlsoap.org/ws/2004/08/addressing/policy" xmlns:msc="http://schemas.microsoft.com/ws/2005/12/wsdl/contract" xmlns:wsa="http://schemas.xmlsoap.org/ws/2004/08/addressing" xmlns:wsam="http://www.w3.org/2007/05/addressing/metadata" xmlns:wsaw="http://www.w3.org/2006/05/addressing/wsdl" xmlns:soap="http://schemas.xmlsoap.org/wsdl/soap/" xmlns:xsd="http://www.w3.org/2001/XMLSchema" xmlns:soapenc="http://schemas.xmlsoap.org/soap/encoding/"><wsp:Policy wsu:Id="BasicHttpBinding_IWinTeamServiceManager_policy"><wsp:ExactlyOne><wsp:All><sp:TransportBinding xmlns:sp="http://schemas.xmlsoap.org/ws/2005/07/securitypolicy"><wsp:Policy><sp:TransportToken><wsp:Policy><sp:HttpsToken RequireClientCertificate="false"/></wsp:Policy></sp:TransportToken><sp:AlgorithmSuite><wsp:Policy><sp:Basic256/></wsp:Policy></sp:AlgorithmSuite><sp:Layout><wsp:Policy><sp:Strict/></wsp:Policy></sp:Layout></wsp:Policy></sp:TransportBinding></wsp:All></wsp:ExactlyOne></wsp:Policy><wsdl:types><xsd:schema targetNamespace="http://tempuri.org/Imports"><xsd:import schemaLocation="https://winteamservicestest.myteamsoftware.com/Services.svc?xsd=xsd0" namespace="http://tempuri.org/"/><xsd:import schemaLocation="https://winteamservicestest.myteamsoftware.com/Services.svc?xsd=xsd1" namespace="http://schemas.microsoft.com/2003/10/Serialization/"/><xsd:import schemaLocation="https://winteamservicestest.myteamsoftware.com/Services.svc?xsd=xsd2" namespace="http://schemas.datacontract.org/2004/07/TeamSoftware.WinTeam.Validator"/><xsd:import schemaLocation="https://winteamservicestest.myteamsoftware.com/Services.svc?xsd=xsd3" namespace="http://schemas.microsoft.com/2003/10/Serialization/Arrays"/></xsd:schema></wsdl:types><wsdl:message name="IWinTeamServiceManager_Login_InputMessage"><wsdl:part name="parameters" element="tns:Login"/></wsdl:message><wsdl:message name="IWinTeamServiceManager_Login_OutputMessage"><wsdl:part name="parameters" element="tns:LoginResponse"/></wsdl:message><wsdl:message name="IWinTeamServiceManager_SaveEmployee_InputMessage"><wsdl:part name="parameters" element="tns:SaveEmployee"/></wsdl:message><wsdl:message name="IWinTeamServiceManager_SaveEmployee_OutputMessage"><wsdl:part name="parameters" element="tns:SaveEmployeeResponse"/></wsdl:message><wsdl:message name="IWinTeamServiceManager_SavePartialEmployee_InputMessage"><wsdl:part name="parameters" element="tns:SavePartialEmployee"/></wsdl:message><wsdl:message name="IWinTeamServiceManager_SavePartialEmployee_OutputMessage"><wsdl:part name="parameters" element="tns:SavePartialEmployeeResponse"/></wsdl:message><wsdl:message name="IWinTeamServiceManager_GetEmployeeComboListXML_InputMessage"><wsdl:part name="parameters" element="tns:GetEmployeeComboListXML"/></wsdl:message><wsdl:message name="IWinTeamServiceManager_GetEmployeeComboListXML_OutputMessage"><wsdl:part name="parameters" element="tns:GetEmployeeComboListXMLResponse"/></wsdl:message><wsdl:message name="IWinTeamServiceManager_eHubValidEmployee_InputMessage"><wsdl:part name="parameters" element="tns:eHubValidEmployee"/></wsdl:message><wsdl:message name="IWinTeamServiceManager_eHubValidEmployee_OutputMessage"><wsdl:part name="parameters" element="tns:eHubValidEmployeeResponse"/></wsdl:message><wsdl:message name="IWinTeamServiceManager_eHubValidCustomer_InputMessage"><wsdl:part name="parameters" element="tns:eHubValidCustomer"/></wsdl:message><wsdl:message name="IWinTeamServiceManager_eHubValidCustomer_OutputMessage"><wsdl:part name="parameters" element="tns:eHubValidCustomerResponse"/></wsdl:message><wsdl:message name="IWinTeamServiceManager_ValidEmployee_InputMessage"><wsdl:part name="parameters" element="tns:ValidEmployee"/></wsdl:message><wsdl:message name="IWinTeamServiceManager_ValidEmployee_OutputMessage"><wsdl:part name="parameters" element="tns:ValidEmployeeResponse"/></wsdl:message><wsdl:message name="IWinTeamServiceManager_EmployeeProfile_InputMessage"><wsdl:part name="parameters" element="tns:EmployeeProfile"/></wsdl:message><wsdl:message name="IWinTeamServiceManager_EmployeeProfile_OutputMessage"><wsdl:part name="parameters" element="tns:EmployeeProfileResponse"/></wsdl:message><wsdl:message name="IWinTeamServiceManager_EmployeeComplianceCodeImport_InputMessage"><wsdl:part name="parameters" element="tns:EmployeeComplianceCodeImport"/></wsdl:message><wsdl:message name="IWinTeamServiceManager_EmployeeComplianceCodeImport_OutputMessage"><wsdl:part name="parameters" element="tns:EmployeeComplianceCodeImportResponse"/></wsdl:message><wsdl:message name="IWinTeamServiceManager_EmployeeComplianceCodesCompletedExport_InputMessage"><wsdl:part name="parameters" element="tns:EmployeeComplianceCodesCompletedExport"/></wsdl:message><wsdl:message name="IWinTeamServiceManager_EmployeeComplianceCodesCompletedExport_OutputMessage"><wsdl:part name="parameters" element="tns:EmployeeComplianceCodesCompletedExportResponse"/></wsdl:message><wsdl:message name="IWinTeamServiceManager_EmployeeComplianceCodesNotCompletedExport_InputMessage"><wsdl:part name="parameters" element="tns:EmployeeComplianceCodesNotCompletedExport"/></wsdl:message><wsdl:message name="IWinTeamServiceManager_EmployeeComplianceCodesNotCompletedExport_OutputMessage"><wsdl:part name="parameters" element="tns:EmployeeComplianceCodesNotCompletedExportResponse"/></wsdl:message><wsdl:message name="IWinTeamServiceManager_PS_TT_TK_Hours_Import_InputMessage"><wsdl:part name="parameters" element="tns:PS_TT_TK_Hours_Import"/></wsdl:message><wsdl:message name="IWinTeamServiceManager_PS_TT_TK_Hours_Import_OutputMessage"><wsdl:part name="parameters" element="tns:PS_TT_TK_Hours_ImportResponse"/></wsdl:message><wsdl:message name="IWinTeamServiceManager_PS_TT_TK_Hours_BatchImport_InputMessage"><wsdl:part name="parameters" element="tns:PS_TT_TK_Hours_BatchImport"/></wsdl:message><wsdl:message name="IWinTeamServiceManager_PS_TT_TK_Hours_BatchImport_OutputMessage"><wsdl:part name="parameters" element="tns:PS_TT_TK_Hours_BatchImportResponse"/></wsdl:message><wsdl:message name="IWinTeamServiceManager_CyCop_JobExport_InputMessage"><wsdl:part name="parameters" element="tns:CyCop_JobExport"/></wsdl:message><wsdl:message name="IWinTeamServiceManager_CyCop_JobExport_OutputMessage"><wsdl:part name="parameters" element="tns:CyCop_JobExportResponse"/></wsdl:message><wsdl:message name="IWinTeamServiceManager_CyCop_EmployeeExport_InputMessage"><wsdl:part name="parameters" element="tns:CyCop_EmployeeExport"/></wsdl:message><wsdl:message name="IWinTeamServiceManager_CyCop_EmployeeExport_OutputMessage"><wsdl:part name="parameters" element="tns:CyCop_EmployeeExportResponse"/></wsdl:message><wsdl:message name="IWinTeamServiceManager_CyCop_SingleEmployeeExport_InputMessage"><wsdl:part name="parameters" element="tns:CyCop_SingleEmployeeExport"/></wsdl:message><wsdl:message name="IWinTeamServiceManager_CyCop_SingleEmployeeExport_OutputMessage"><wsdl:part name="parameters" element="tns:CyCop_SingleEmployeeExportResponse"/></wsdl:message><wsdl:message name="IWinTeamServiceManager_CyCop_PostExport_InputMessage"><wsdl:part name="parameters" element="tns:CyCop_PostExport"/></wsdl:message><wsdl:message name="IWinTeamServiceManager_CyCop_PostExport_OutputMessage"><wsdl:part name="parameters" element="tns:CyCop_PostExportResponse"/></wsdl:message><wsdl:message name="IWinTeamServiceManager_CyCop_JobContactExport_InputMessage"><wsdl:part name="parameters" element="tns:CyCop_JobContactExport"/></wsdl:message><wsdl:message name="IWinTeamServiceManager_CyCop_JobContactExport_OutputMessage"><wsdl:part name="parameters" element="tns:CyCop_JobContactExportResponse"/></wsdl:message><wsdl:message name="IWinTeamServiceManager_CyCop_SchedulingExport_InputMessage"><wsdl:part name="parameters" element="tns:CyCop_SchedulingExport"/></wsdl:message><wsdl:message name="IWinTeamServiceManager_CyCop_SchedulingExport_OutputMessage"><wsdl:part name="parameters" element="tns:CyCop_SchedulingExportResponse"/></wsdl:message><wsdl:message name="IWinTeamServiceManager_CyCop_JobHolidayExport_InputMessage"><wsdl:part name="parameters" element="tns:CyCop_JobHolidayExport"/></wsdl:message><wsdl:message name="IWinTeamServiceManager_CyCop_JobHolidayExport_OutputMessage"><wsdl:part name="parameters" element="tns:CyCop_JobHolidayExportResponse"/></wsdl:message><wsdl:message name="IWinTeamServiceManager_GetActiveDirectoryEmployees_InputMessage"><wsdl:part name="parameters" element="tns:GetActiveDirectoryEmployees"/></wsdl:message><wsdl:message name="IWinTeamServiceManager_GetActiveDirectoryEmployees_OutputMessage"><wsdl:part name="parameters" element="tns:GetActiveDirectoryEmployeesResponse"/></wsdl:message><wsdl:message name="IWinTeamServiceManager_UploadNewHireDocuments_InputMessage"><wsdl:part name="parameters" element="tns:UploadNewHireDocuments"/></wsdl:message><wsdl:message name="IWinTeamServiceManager_UploadNewHireDocuments_OutputMessage"><wsdl:part name="parameters" element="tns:UploadNewHireDocumentsResponse"/></wsdl:message><wsdl:message name="IWinTeamServiceManager_LMS_GetActiveEmployees_InputMessage"><wsdl:part name="parameters" element="tns:LMS_GetActiveEmployees"/></wsdl:message><wsdl:message name="IWinTeamServiceManager_LMS_GetActiveEmployees_OutputMessage"><wsdl:part name="parameters" element="tns:LMS_GetActiveEmployeesResponse"/></wsdl:message><wsdl:message name="IWinTeamServiceManager_LMS_ProcessFile_InputMessage"><wsdl:part name="parameters" element="tns:LMS_ProcessFile"/></wsdl:message><wsdl:message name="IWinTeamServiceManager_LMS_ProcessFile_OutputMessage"><wsdl:part name="parameters" element="tns:LMS_ProcessFileResponse"/></wsdl:message><wsdl:message name="IWinTeamServiceManager_UpdateComplianceCode_InputMessage"><wsdl:part name="parameters" element="tns:UpdateComplianceCode"/></wsdl:message><wsdl:message name="IWinTeamServiceManager_UpdateComplianceCode_OutputMessage"><wsdl:part name="parameters" element="tns:UpdateComplianceCodeResponse"/></wsdl:message><wsdl:message name="IWinTeamServiceManager_DeleteComplianceCode_InputMessage"><wsdl:part name="parameters" element="tns:DeleteComplianceCode"/></wsdl:message><wsdl:message name="IWinTeamServiceManager_DeleteComplianceCode_OutputMessage"><wsdl:part name="parameters" element="tns:DeleteComplianceCodeResponse"/></wsdl:message><wsdl:portType name="IWinTeamServiceManager"><wsdl:operation name="Login"><wsdl:input wsaw:Action="http://tempuri.org/IWinTeamServiceManager/Login" message="tns:IWinTeamServiceManager_Login_InputMessage"/><wsdl:output wsaw:Action="http://tempuri.org/IWinTeamServiceManager/LoginResponse" message="tns:IWinTeamServiceManager_Login_OutputMessage"/></wsdl:operation><wsdl:operation name="SaveEmployee"><wsdl:input wsaw:Action="http://tempuri.org/IWinTeamServiceManager/SaveEmployee" message="tns:IWinTeamServiceManager_SaveEmployee_InputMessage"/><wsdl:output wsaw:Action="http://tempuri.org/IWinTeamServiceManager/SaveEmployeeResponse" message="tns:IWinTeamServiceManager_SaveEmployee_OutputMessage"/></wsdl:operation><wsdl:operation name="SavePartialEmployee"><wsdl:input wsaw:Action="http://tempuri.org/IWinTeamServiceManager/SavePartialEmployee" message="tns:IWinTeamServiceManager_SavePartialEmployee_InputMessage"/><wsdl:output wsaw:Action="http://tempuri.org/IWinTeamServiceManager/SavePartialEmployeeResponse" message="tns:IWinTeamServiceManager_SavePartialEmployee_OutputMessage"/></wsdl:operation><wsdl:operation name="GetEmployeeComboListXML"><wsdl:input wsaw:Action="http://tempuri.org/IWinTeamServiceManager/GetEmployeeComboListXML" message="tns:IWinTeamServiceManager_GetEmployeeComboListXML_InputMessage"/><wsdl:output wsaw:Action="http://tempuri.org/IWinTeamServiceManager/GetEmployeeComboListXMLResponse" message="tns:IWinTeamServiceManager_GetEmployeeComboListXML_OutputMessage"/></wsdl:operation><wsdl:operation name="eHubValidEmployee"><wsdl:input wsaw:Action="http://tempuri.org/IWinTeamServiceManager/eHubValidEmployee" message="tns:IWinTeamServiceManager_eHubValidEmployee_InputMessage"/><wsdl:output wsaw:Action="http://tempuri.org/IWinTeamServiceManager/eHubValidEmployeeResponse" message="tns:IWinTeamServiceManager_eHubValidEmployee_OutputMessage"/></wsdl:operation><wsdl:operation name="eHubValidCustomer"><wsdl:input wsaw:Action="http://tempuri.org/IWinTeamServiceManager/eHubValidCustomer" message="tns:IWinTeamServiceManager_eHubValidCustomer_InputMessage"/><wsdl:output wsaw:Action="http://tempuri.org/IWinTeamServiceManager/eHubValidCustomerResponse" message="tns:IWinTeamServiceManager_eHubValidCustomer_OutputMessage"/></wsdl:operation><wsdl:operation name="ValidEmployee"><wsdl:input wsaw:Action="http://tempuri.org/IWinTeamServiceManager/ValidEmployee" message="tns:IWinTeamServiceManager_ValidEmployee_InputMessage"/><wsdl:output wsaw:Action="http://tempuri.org/IWinTeamServiceManager/ValidEmployeeResponse" message="tns:IWinTeamServiceManager_ValidEmployee_OutputMessage"/></wsdl:operation><wsdl:operation name="EmployeeProfile"><wsdl:input wsaw:Action="http://tempuri.org/IWinTeamServiceManager/EmployeeProfile" message="tns:IWinTeamServiceManager_EmployeeProfile_InputMessage"/><wsdl:output wsaw:Action="http://tempuri.org/IWinTeamServiceManager/EmployeeProfileResponse" message="tns:IWinTeamServiceManager_EmployeeProfile_OutputMessage"/></wsdl:operation><wsdl:operation name="EmployeeComplianceCodeImport"><wsdl:input wsaw:Action="http://tempuri.org/IWinTeamServiceManager/EmployeeComplianceCodeImport" message="tns:IWinTeamServiceManager_EmployeeComplianceCodeImport_InputMessage"/><wsdl:output wsaw:Action="http://tempuri.org/IWinTeamServiceManager/EmployeeComplianceCodeImportResponse" message="tns:IWinTeamServiceManager_EmployeeComplianceCodeImport_OutputMessage"/></wsdl:operation><wsdl:operation name="EmployeeComplianceCodesCompletedExport"><wsdl:input wsaw:Action="http://tempuri.org/IWinTeamServiceManager/EmployeeComplianceCodesCompletedExport" message="tns:IWinTeamServiceManager_EmployeeComplianceCodesCompletedExport_InputMessage"/><wsdl:output wsaw:Action="http://tempuri.org/IWinTeamServiceManager/EmployeeComplianceCodesCompletedExportResponse" message="tns:IWinTeamServiceManager_EmployeeComplianceCodesCompletedExport_OutputMessage"/></wsdl:operation><wsdl:operation name="EmployeeComplianceCodesNotCompletedExport"><wsdl:input wsaw:Action="http://tempuri.org/IWinTeamServiceManager/EmployeeComplianceCodesNotCompletedExport" message="tns:IWinTeamServiceManager_EmployeeComplianceCodesNotCompletedExport_InputMessage"/><wsdl:output wsaw:Action="http://tempuri.org/IWinTeamServiceManager/EmployeeComplianceCodesNotCompletedExportResponse" message="tns:IWinTeamServiceManager_EmployeeComplianceCodesNotCompletedExport_OutputMessage"/></wsdl:operation><wsdl:operation name="PS_TT_TK_Hours_Import"><wsdl:input wsaw:Action="http://tempuri.org/IWinTeamServiceManager/PS_TT_TK_Hours_Import" message="tns:IWinTeamServiceManager_PS_TT_TK_Hours_Import_InputMessage"/><wsdl:output wsaw:Action="http://tempuri.org/IWinTeamServiceManager/PS_TT_TK_Hours_ImportResponse" message="tns:IWinTeamServiceManager_PS_TT_TK_Hours_Import_OutputMessage"/></wsdl:operation><wsdl:operation name="PS_TT_TK_Hours_BatchImport"><wsdl:input wsaw:Action="http://tempuri.org/IWinTeamServiceManager/PS_TT_TK_Hours_BatchImport" message="tns:IWinTeamServiceManager_PS_TT_TK_Hours_BatchImport_InputMessage"/><wsdl:output wsaw:Action="http://tempuri.org/IWinTeamServiceManager/PS_TT_TK_Hours_BatchImportResponse" message="tns:IWinTeamServiceManager_PS_TT_TK_Hours_BatchImport_OutputMessage"/></wsdl:operation><wsdl:operation name="CyCop_JobExport"><wsdl:input wsaw:Action="http://tempuri.org/IWinTeamServiceManager/CyCop_JobExport" message="tns:IWinTeamServiceManager_CyCop_JobExport_InputMessage"/><wsdl:output wsaw:Action="http://tempuri.org/IWinTeamServiceManager/CyCop_JobExportResponse" message="tns:IWinTeamServiceManager_CyCop_JobExport_OutputMessage"/></wsdl:operation><wsdl:operation name="CyCop_EmployeeExport"><wsdl:input wsaw:Action="http://tempuri.org/IWinTeamServiceManager/CyCop_EmployeeExport" message="tns:IWinTeamServiceManager_CyCop_EmployeeExport_InputMessage"/><wsdl:output wsaw:Action="http://tempuri.org/IWinTeamServiceManager/CyCop_EmployeeExportResponse" message="tns:IWinTeamServiceManager_CyCop_EmployeeExport_OutputMessage"/></wsdl:operation><wsdl:operation name="CyCop_SingleEmployeeExport"><wsdl:input wsaw:Action="http://tempuri.org/IWinTeamServiceManager/CyCop_SingleEmployeeExport" message="tns:IWinTeamServiceManager_CyCop_SingleEmployeeExport_InputMessage"/><wsdl:output wsaw:Action="http://tempuri.org/IWinTeamServiceManager/CyCop_SingleEmployeeExportResponse" message="tns:IWinTeamServiceManager_CyCop_SingleEmployeeExport_OutputMessage"/></wsdl:operation><wsdl:operation name="CyCop_PostExport"><wsdl:input wsaw:Action="http://tempuri.org/IWinTeamServiceManager/CyCop_PostExport" message="tns:IWinTeamServiceManager_CyCop_PostExport_InputMessage"/><wsdl:output wsaw:Action="http://tempuri.org/IWinTeamServiceManager/CyCop_PostExportResponse" message="tns:IWinTeamServiceManager_CyCop_PostExport_OutputMessage"/></wsdl:operation><wsdl:operation name="CyCop_JobContactExport"><wsdl:input wsaw:Action="http://tempuri.org/IWinTeamServiceManager/CyCop_JobContactExport" message="tns:IWinTeamServiceManager_CyCop_JobContactExport_InputMessage"/><wsdl:output wsaw:Action="http://tempuri.org/IWinTeamServiceManager/CyCop_JobContactExportResponse" message="tns:IWinTeamServiceManager_CyCop_JobContactExport_OutputMessage"/></wsdl:operation><wsdl:operation name="CyCop_SchedulingExport"><wsdl:input wsaw:Action="http://tempuri.org/IWinTeamServiceManager/CyCop_SchedulingExport" message="tns:IWinTeamServiceManager_CyCop_SchedulingExport_InputMessage"/><wsdl:output wsaw:Action="http://tempuri.org/IWinTeamServiceManager/CyCop_SchedulingExportResponse" message="tns:IWinTeamServiceManager_CyCop_SchedulingExport_OutputMessage"/></wsdl:operation><wsdl:operation name="CyCop_JobHolidayExport"><wsdl:input wsaw:Action="http://tempuri.org/IWinTeamServiceManager/CyCop_JobHolidayExport" message="tns:IWinTeamServiceManager_CyCop_JobHolidayExport_InputMessage"/><wsdl:output wsaw:Action="http://tempuri.org/IWinTeamServiceManager/CyCop_JobHolidayExportResponse" message="tns:IWinTeamServiceManager_CyCop_JobHolidayExport_OutputMessage"/></wsdl:operation><wsdl:operation name="GetActiveDirectoryEmployees"><wsdl:input wsaw:Action="http://tempuri.org/IWinTeamServiceManager/GetActiveDirectoryEmployees" message="tns:IWinTeamServiceManager_GetActiveDirectoryEmployees_InputMessage"/><wsdl:output wsaw:Action="http://tempuri.org/IWinTeamServiceManager/GetActiveDirectoryEmployeesResponse" message="tns:IWinTeamServiceManager_GetActiveDirectoryEmployees_OutputMessage"/></wsdl:operation><wsdl:operation name="UploadNewHireDocuments"><wsdl:input wsaw:Action="http://tempuri.org/IWinTeamServiceManager/UploadNewHireDocuments" message="tns:IWinTeamServiceManager_UploadNewHireDocuments_InputMessage"/><wsdl:output wsaw:Action="http://tempuri.org/IWinTeamServiceManager/UploadNewHireDocumentsResponse" message="tns:IWinTeamServiceManager_UploadNewHireDocuments_OutputMessage"/></wsdl:operation><wsdl:operation name="LMS_GetActiveEmployees"><wsdl:input wsaw:Action="http://tempuri.org/IWinTeamServiceManager/LMS_GetActiveEmployees" message="tns:IWinTeamServiceManager_LMS_GetActiveEmployees_InputMessage"/><wsdl:output wsaw:Action="http://tempuri.org/IWinTeamServiceManager/LMS_GetActiveEmployeesResponse" message="tns:IWinTeamServiceManager_LMS_GetActiveEmployees_OutputMessage"/></wsdl:operation><wsdl:operation name="LMS_ProcessFile"><wsdl:input wsaw:Action="http://tempuri.org/IWinTeamServiceManager/LMS_ProcessFile" message="tns:IWinTeamServiceManager_LMS_ProcessFile_InputMessage"/><wsdl:output wsaw:Action="http://tempuri.org/IWinTeamServiceManager/LMS_ProcessFileResponse" message="tns:IWinTeamServiceManager_LMS_ProcessFile_OutputMessage"/></wsdl:operation><wsdl:operation name="UpdateComplianceCode"><wsdl:input wsaw:Action="http://tempuri.org/IWinTeamServiceManager/UpdateComplianceCode" message="tns:IWinTeamServiceManager_UpdateComplianceCode_InputMessage"/><wsdl:output wsaw:Action="http://tempuri.org/IWinTeamServiceManager/UpdateComplianceCodeResponse" message="tns:IWinTeamServiceManager_UpdateComplianceCode_OutputMessage"/></wsdl:operation><wsdl:operation name="DeleteComplianceCode"><wsdl:input wsaw:Action="http://tempuri.org/IWinTeamServiceManager/DeleteComplianceCode" message="tns:IWinTeamServiceManager_DeleteComplianceCode_InputMessage"/><wsdl:output wsaw:Action="http://tempuri.org/IWinTeamServiceManager/DeleteComplianceCodeResponse" message="tns:IWinTeamServiceManager_DeleteComplianceCode_OutputMessage"/></wsdl:operation></wsdl:portType><wsdl:binding name="BasicHttpBinding_IWinTeamServiceManager" type="tns:IWinTeamServiceManager"><wsp:PolicyReference URI="#BasicHttpBinding_IWinTeamServiceManager_policy"/><soap:binding transport="http://schemas.xmlsoap.org/soap/http"/><wsdl:operation name="Login"><soap:operation soapAction="http://tempuri.org/IWinTeamServiceManager/Login" style="document"/><wsdl:input><soap:body use="literal"/></wsdl:input><wsdl:output><soap:body use="literal"/></wsdl:output></wsdl:operation><wsdl:operation name="SaveEmployee"><soap:operation soapAction="http://tempuri.org/IWinTeamServiceManager/SaveEmployee" style="document"/><wsdl:input><soap:body use="literal"/></wsdl:input><wsdl:output><soap:body use="literal"/></wsdl:output></wsdl:operation><wsdl:operation name="SavePartialEmployee"><soap:operation soapAction="http://tempuri.org/IWinTeamServiceManager/SavePartialEmployee" style="document"/><wsdl:input><soap:body use="literal"/></wsdl:input><wsdl:output><soap:body use="literal"/></wsdl:output></wsdl:operation><wsdl:operation name="GetEmployeeComboListXML"><soap:operation soapAction="http://tempuri.org/IWinTeamServiceManager/GetEmployeeComboListXML" style="document"/><wsdl:input><soap:body use="literal"/></wsdl:input><wsdl:output><soap:body use="literal"/></wsdl:output></wsdl:operation><wsdl:operation name="eHubValidEmployee"><soap:operation soapAction="http://tempuri.org/IWinTeamServiceManager/eHubValidEmployee" style="document"/><wsdl:input><soap:body use="literal"/></wsdl:input><wsdl:output><soap:body use="literal"/></wsdl:output></wsdl:operation><wsdl:operation name="eHubValidCustomer"><soap:operation soapAction="http://tempuri.org/IWinTeamServiceManager/eHubValidCustomer" style="document"/><wsdl:input><soap:body use="literal"/></wsdl:input><wsdl:output><soap:body use="literal"/></wsdl:output></wsdl:operation><wsdl:operation name="ValidEmployee"><soap:operation soapAction="http://tempuri.org/IWinTeamServiceManager/ValidEmployee" style="document"/><wsdl:input><soap:body use="literal"/></wsdl:input><wsdl:output><soap:body use="literal"/></wsdl:output></wsdl:operation><wsdl:operation name="EmployeeProfile"><soap:operation soapAction="http://tempuri.org/IWinTeamServiceManager/EmployeeProfile" style="document"/><wsdl:input><soap:body use="literal"/></wsdl:input><wsdl:output><soap:body use="literal"/></wsdl:output></wsdl:operation><wsdl:operation name="EmployeeComplianceCodeImport"><soap:operation soapAction="http://tempuri.org/IWinTeamServiceManager/EmployeeComplianceCodeImport" style="document"/><wsdl:input><soap:body use="literal"/></wsdl:input><wsdl:output><soap:body use="literal"/></wsdl:output></wsdl:operation><wsdl:operation name="EmployeeComplianceCodesCompletedExport"><soap:operation soapAction="http://tempuri.org/IWinTeamServiceManager/EmployeeComplianceCodesCompletedExport" style="document"/><wsdl:input><soap:body use="literal"/></wsdl:input><wsdl:output><soap:body use="literal"/></wsdl:output></wsdl:operation><wsdl:operation name="EmployeeComplianceCodesNotCompletedExport"><soap:operation soapAction="http://tempuri.org/IWinTeamServiceManager/EmployeeComplianceCodesNotCompletedExport" style="document"/><wsdl:input><soap:body use="literal"/></wsdl:input><wsdl:output><soap:body use="literal"/></wsdl:output></wsdl:operation><wsdl:operation name="PS_TT_TK_Hours_Import"><soap:operation soapAction="http://tempuri.org/IWinTeamServiceManager/PS_TT_TK_Hours_Import" style="document"/><wsdl:input><soap:body use="literal"/></wsdl:input><wsdl:output><soap:body use="literal"/></wsdl:output></wsdl:operation><wsdl:operation name="PS_TT_TK_Hours_BatchImport"><soap:operation soapAction="http://tempuri.org/IWinTeamServiceManager/PS_TT_TK_Hours_BatchImport" style="document"/><wsdl:input><soap:body use="literal"/></wsdl:input><wsdl:output><soap:body use="literal"/></wsdl:output></wsdl:operation><wsdl:operation name="CyCop_JobExport"><soap:operation soapAction="http://tempuri.org/IWinTeamServiceManager/CyCop_JobExport" style="document"/><wsdl:input><soap:body use="literal"/></wsdl:input><wsdl:output><soap:body use="literal"/></wsdl:output></wsdl:operation><wsdl:operation name="CyCop_EmployeeExport"><soap:operation soapAction="http://tempuri.org/IWinTeamServiceManager/CyCop_EmployeeExport" style="document"/><wsdl:input><soap:body use="literal"/></wsdl:input><wsdl:output><soap:body use="literal"/></wsdl:output></wsdl:operation><wsdl:operation name="CyCop_SingleEmployeeExport"><soap:operation soapAction="http://tempuri.org/IWinTeamServiceManager/CyCop_SingleEmployeeExport" style="document"/><wsdl:input><soap:body use="literal"/></wsdl:input><wsdl:output><soap:body use="literal"/></wsdl:output></wsdl:operation><wsdl:operation name="CyCop_PostExport"><soap:operation soapAction="http://tempuri.org/IWinTeamServiceManager/CyCop_PostExport" style="document"/><wsdl:input><soap:body use="literal"/></wsdl:input><wsdl:output><soap:body use="literal"/></wsdl:output></wsdl:operation><wsdl:operation name="CyCop_JobContactExport"><soap:operation soapAction="http://tempuri.org/IWinTeamServiceManager/CyCop_JobContactExport" style="document"/><wsdl:input><soap:body use="literal"/></wsdl:input><wsdl:output><soap:body use="literal"/></wsdl:output></wsdl:operation><wsdl:operation name="CyCop_SchedulingExport"><soap:operation soapAction="http://tempuri.org/IWinTeamServiceManager/CyCop_SchedulingExport" style="document"/><wsdl:input><soap:body use="literal"/></wsdl:input><wsdl:output><soap:body use="literal"/></wsdl:output></wsdl:operation><wsdl:operation name="CyCop_JobHolidayExport"><soap:operation soapAction="http://tempuri.org/IWinTeamServiceManager/CyCop_JobHolidayExport" style="document"/><wsdl:input><soap:body use="literal"/></wsdl:input><wsdl:output><soap:body use="literal"/></wsdl:output></wsdl:operation><wsdl:operation name="GetActiveDirectoryEmployees"><soap:operation soapAction="http://tempuri.org/IWinTeamServiceManager/GetActiveDirectoryEmployees" style="document"/><wsdl:input><soap:body use="literal"/></wsdl:input><wsdl:output><soap:body use="literal"/></wsdl:output></wsdl:operation><wsdl:operation name="UploadNewHireDocuments"><soap:operation soapAction="http://tempuri.org/IWinTeamServiceManager/UploadNewHireDocuments" style="document"/><wsdl:input><soap:body use="literal"/></wsdl:input><wsdl:output><soap:body use="literal"/></wsdl:output></wsdl:operation><wsdl:operation name="LMS_GetActiveEmployees"><soap:operation soapAction="http://tempuri.org/IWinTeamServiceManager/LMS_GetActiveEmployees" style="document"/><wsdl:input><soap:body use="literal"/></wsdl:input><wsdl:output><soap:body use="literal"/></wsdl:output></wsdl:operation><wsdl:operation name="LMS_ProcessFile"><soap:operation soapAction="http://tempuri.org/IWinTeamServiceManager/LMS_ProcessFile" style="document"/><wsdl:input><soap:body use="literal"/></wsdl:input><wsdl:output><soap:body use="literal"/></wsdl:output></wsdl:operation><wsdl:operation name="UpdateComplianceCode"><soap:operation soapAction="http://tempuri.org/IWinTeamServiceManager/UpdateComplianceCode" style="document"/><wsdl:input><soap:body use="literal"/></wsdl:input><wsdl:output><soap:body use="literal"/></wsdl:output></wsdl:operation><wsdl:operation name="DeleteComplianceCode"><soap:operation soapAction="http://tempuri.org/IWinTeamServiceManager/DeleteComplianceCode" style="document"/><wsdl:input><soap:body use="literal"/></wsdl:input><wsdl:output><soap:body use="literal"/></wsdl:output></wsdl:operation></wsdl:binding><wsdl:service name="ServiceManager"><wsdl:port name="BasicHttpBinding_IWinTeamServiceManager" binding="tns:BasicHttpBinding_IWinTeamServiceManager"><soap:address location="https://winteamservicestest.myteamsoftware.com/Services.svc"/></wsdl:port></wsdl:service></wsdl:definitions>